{"features.0": 54.805443, "features.3": 26.987745, "features.6": 12.999336, "features.8": 12.999616, "features.10": 12.99942, "fc": "linear"}