{"conv 1": {"conv1.conv": 110.87039, "conv2.conv": 55.794434, "conv3.conv": 55.87343}, "inception 3": {"inception3a.branch1.conv": 27.956886, "inception3a.branch2[0].conv": 27.918427, "inception3a.branch2[1].conv": 27.975464, "inception3a.branch3[0].conv": 27.969238, "inception3a.branch3[1].conv": 27.98413, "inception3a.branch4[1].conv": 27.94839, "inception3b.branch1.conv": 27.987745, "inception3b.branch2[0].conv": 27.988602, "inception3b.branch2[1].conv": 27.984163, "inception3b.branch3[0].conv": 27.976954, "inception3b.branch3[1].conv": 27.996191, "inception3b.branch4[1].conv": 27.95012}, "inception 4": {"inception4a.branch1.conv": 13.999715, "inception4a.branch2[0].conv": 13.999756, "inception4a.branch2[1].conv": 13.999647, "inception4a.branch3[0].conv": 13.996387, "inception4a.branch3[1].conv": 13.999023, "inception4a.branch4[1].conv": 13.998462, "inception4b.branch1.conv": 13.999746, "inception4b.branch2[0].conv": 13.99968, "inception4b.branch2[1].conv": 13.989481, "inception4b.branch3[0].conv": 13.99974, "inception4b.branch3[1].conv": 13.99463, "inception4b.branch4[1].conv": 13.998901, "inception4c.branch1.conv": 13.998146, "inception4c.branch2[0].conv": 13.999683, "inception4c.branch2[1].conv": 13.999555, "inception4c.branch3[0].conv": 13.999741, "inception4c.branch3[1].conv": 13.999268, "inception4c.branch4[1].conv": 13.999097, "inception4d.branch1.conv": 13.999806, "inception4d.branch2[0].conv": 13.999706, "inception4d.branch2[1].conv": 13.999544, "inception4d.branch3[0].conv": 13.999756, "inception4d.branch3[1].conv": 13.999268, "inception4d.branch4[1].conv": 13.998974, "inception4e.branch1.conv": 13.999744, "inception4e.branch2[0].conv": 13.999786, "inception4e.branch2[1].conv": 13.999454, "inception4e.branch3[0].conv": 13.999609, "inception4e.branch3[1].conv": 13.999, "inception4e.branch4[1].conv": 13.999011}, "inception 5": {"inception5a.branch1.conv": 6.9999757, "inception5a.branch2[0].conv": 6.9999313, "inception5a.branch2[1].conv": 6.9999175, "inception5a.branch3[0].conv": 7, "inception5a.branch3[1].conv": 6.999817, "inception5a.branch4[1].conv": 6.9998045, "inception5b.branch1.conv": 6.9999633, "inception5b.branch2[0].conv": 6.9999185, "inception5b.branch2[1].conv": 6.9997153, "inception5b.branch3[0].conv": 6.999935, "inception5b.branch3[1].conv": 6.9965205, "inception5b.branch4[1].conv": 6.999939}, "fc": "fc"}