{"features.0.0": 78.714645, "features.1.conv.0.0": 111.487686, "features.2.conv.0.0": 109.394615, "features.2.conv.1.0": 54.422947, "features.3.conv.0.0": 54.852234, "features.3.conv.1.0": 54.67948, "features.4.conv.0.0": 55.24448, "features.4.conv.1.0": 27.62284, "features.5.conv.0.0": 27.348196, "features.5.conv.1.0": 26.058447, "features.6.conv.0.0": 27.205055, "features.6.conv.1.0": 25.395662, "features.7.conv.0.0": 27.166855, "features.7.conv.1.0": 13.694848, "features.8.conv.0.0": 13.327637, "features.8.conv.1.0": 11.884089, "features.9.conv.0.0": 13.1082115, "features.9.conv.1.0": 11.803967, "features.10.conv.0.0": 12.830086, "features.10.conv.1.0": 11.389217, "features.11.conv.0.0": 13.451523, "features.11.conv.1.0": 12.945712, "features.12.conv.0.0": 12.492089, "features.12.conv.1.0": 11.142885, "features.13.conv.0.0": 12.396853, "features.13.conv.1.0": 10.96796, "features.14.conv.0.0": 11.148429, "features.14.conv.1.0": 6.373972, "features.15.conv.0.0": 6.088983, "features.15.conv.1.0": 5.010454, "features.16.conv.0.0": 5.682835, "features.16.conv.1.0": 4.8759665, "features.17.conv.0.0": 3.5290008, "features.17.conv.1.0": 5.1528306, "features.18.0": 4.6817846, "fc": "classifier.1"}