{"layer 1": {"layer1.0.conv1": 55.83799, "layer1.0.conv2": 55.865845, "layer1.1.conv1": 55.910255, "layer1.1.conv2": 55.97559}, "layer 2": {"layer2.0.conv1": 27.997513, "layer2.0.conv2": 27.997683, "layer2.0.downsample.0": 27.992077, "layer2.0.downsample.1": 27.986876, "layer2.1.conv1": 27.993711, "layer2.1.conv2": 27.998768}, "layer 3": {"layer3.0.conv1": 13.996014, "layer3.0.conv2": 13.99972, "layer3.0.downsample.0": 13.999835, "layer3.0.downsample.1": 13.999853, "layer3.1.conv1": 13.999457, "layer3.1.conv2": 13.999506}, "layer 4": {"layer4.0.conv1": 6.9999695, "layer4.0.conv2": 6.9999485, "layer4.0.downsample.0": 6.9999847, "layer4.0.downsample.1": 6.9999638, "layer4.1.conv1": 6.999869, "layer4.1.conv2": 6.9998655}, "fc": "linear"}