{"layer 1": {"conv1": 107.78548}, "layer 2": {"layer1.0.conv1": 55.84651, "layer1.0.conv2": 55.929005, "layer1.1.conv1": 55.941357, "layer1.1.conv2": 55.94812, "layer1.2.conv1": 55.92222, "layer1.2.conv2": 55.903076}, "layer 3": {"layer2.0.conv1": 27.995216, "layer2.0.conv2": 27.995092, "layer2.0.downsample.0": 27.98473, "layer2.0.downsample.1": 27.966919, "layer2.1.conv1": 27.989819, "layer2.1.conv2": 27.995667, "layer2.2.conv1": 27.994213, "layer2.2.conv2": 27.995802, "layer2.3.conv1": 27.9959, "layer2.3.conv2": 27.996471}, "layer 4": {"layer3.0.conv1": 13.99939, "layer3.0.conv2": 13.999391, "layer3.0.downsample.0": 13.999414, "layer3.0.downsample.1": 13.999334, "layer3.1.conv1": 13.999409, "layer3.1.conv2": 13.999451, "layer3.2.conv1": 13.999414, "layer3.2.conv2": 13.999487, "layer3.3.conv1": 13.999336, "layer3.3.conv2": 13.999462, "layer3.4.conv1": 13.999329, "layer3.4.conv2": 13.999347, "layer3.5.conv1": 13.999256, "layer3.5.conv2": 13.999237}, "layer 5": {"layer4.0.conv1": 6.999918, "layer4.0.conv2": 6.999921, "layer4.0.downsample.0": 6.9998474, "layer4.0.downsample.1": 6.999921, "layer4.1.conv1": 6.999921, "layer4.1.conv2": 6.99993, "layer4.2.conv1": 6.9999294, "layer4.2.conv2": 6.9999084}, "fc": "fc"}