{"conv1.0": 110.586784, "stage2[0].branch1[2]": 27.886848, "stage2[0].branch2[0]": 55.613342, "stage2[1].branch2[0]": 27.921682, "stage2[3].branch2[0]": 27.964258, "stage3[0].branch2[0]": 27.987597, "stage3[2].branch2[5]": 13.99987, "stage4[0].branch2[0]": 13.999691, "stage4[2].branch2[5]": 6.9999185, "fc": "fc"}