{"features.0": 108.26249, "features.3.squeeze": 53.79844, "features.4.squeeze": 53.787403, "features.5.squeeze": 53.936623, "features.6": 26.441456, "features.7.squeeze": 26.982225, "features.8.squeeze": 26.992645, "features.9.squeeze": 26.9973, "features.10.squeeze": 26.995068, "features.11": 9.805716, "fc": "classifier.1"}