{"features.0": 31.538599, "features.2": 31.974121, "features.5": 15.999317, "features.7": 15.9994755, "features.10": 7.999939, "features.12": 7.999927, "features.14": 7.9999514, "features.16": 7.999945, "features.19": 3.9999938, "features.21": 3.999997, "features.23": 3.9999938, "features.25": 3.999991, "features.28": 2, "features.30": 2, "features.32": 2, "features.34": 2, "fc": "classifier.6"}